fieldName,emptyCount,nonEmptyCount,uniqueValueCount,possiblePrimaryKey,possiblyInteger,possiblyFloatingPoint,sampleValues
"http://rs.tdwg.org/dwc/terms/basisOfRecord",3488,45172,5,false,false,false,"HumanObservation(*45046), Image(*9), MachineObservation(*1), MaterialSample(*12), PreservedSpecimen(*104)"
"http://purl.org/dc/terms/bibliographicCitation",48622,38,38,false,false,false,"B47639(*1), B50985(*1), B50986(*1), B50987(*1), B51770(*1), B51771(*1), B51772(*1), B52900(*1), B57378(*1), E02792(*1), E02797(*1), E09169(*1), E12100(*1), E12101(*1), G28085(*1), G28086(*1), G28087(*1), G28208(*1), G29938(*1), G39374(*1), ..."
"duplicate_field_http://purl.org/dc/terms/bibliographicCitation",97319,1,1,false,false,false,"X06834(*1)"
"http://rs.tdwg.org/dwc/terms/collectionID",48611,49,2,false,false,false,"urn:lsid:biocol.org:col:34932(*39), urn:lsid:biocol.org:col:34978(*10)"
"http://rs.tdwg.org/dwc/terms/collectionCode",48150,510,12,false,false,false,"BDRS(*73), Birds(*17), EBIRD(*95), EBIRD_CAN(*3), Eggs(*9), GeneticSamples(*12), OP(*141), Observations(*27), Ornithology(*78), RE(*7), SU(*47), Sounds(*1)"
"http://rs.tdwg.org/dwc/terms/dataGeneralizations",48660,0,0,false,false,false,
"http://rs.tdwg.org/dwc/terms/datasetID",48332,328,22,false,false,false,"OP(*152), Ornithology(*10), RE(*7), SU(*47), urn:anwc.csiro.au:collections:10(*1), urn:anwc.csiro.au:collections:13(*1), urn:anwc.csiro.au:collections:131(*2), urn:anwc.csiro.au:collections:16(*3), urn:anwc.csiro.au:collections:18(*4), urn:anwc.csiro.au:collections:25(*1), urn:anwc.csiro.au:collections:4(*11), urn:anwc.csiro.au:collections:68(*6), urn:anwc.csiro.au:collections:73(*2), urn:anwc.csiro.au:collections:74(*8), urn:lsid:bdrs.ala.org.au:Survey:267(*40), urn:lsid:bdrs.ala.org.au:Survey:286(*3), urn:lsid:bdrs.ala.org.au:Survey:289(*6), urn:lsid:bdrs.ala.org.au:Survey:329(*7), urn:lsid:bdrs.ala.org.au:Survey:45(*10), urn:lsid:bdrs.ala.org.au:Survey:72(*2), ..."
"http://rs.tdwg.org/dwc/terms/datasetName",47055,1605,25,false,false,false,"2004 Northern WA and NT September and October(*8), 2004 Southwest WA May and June(*2), 2015 Unprotected Areas Cape York Peninsula Queensland July(*2), ANWC general pre-Nagoya (12/10/2014)(*11), Bird Record Sheet(*7), Current Surveys(*4), Fauna Survey(*22), Kershaw, J.(*1), Kutt - NGRMG(*2), Neil Rankin Surveys(*10), Panboola Bioblitz 2014 Survey(*3), Panboola Wetland Bird Surveys(*40), Ragless, G.B.(*3), Seabirds and Shorebirds(*32), Seton, D.H.C.(*4), Species Record Form(*1), Stewart, D. Analogue Collection(*1), Waterbirds(*18), iNaturalist observations(*11), iNaturalist research-grade observations(*16), ..."
"http://rs.tdwg.org/dwc/terms/dynamicProperties",48660,0,0,false,false,false,
"http://rs.tdwg.org/dwc/terms/informationWithheld",48660,0,0,false,false,false,
"http://rs.tdwg.org/dwc/terms/institutionID",48193,467,11,false,false,false,"1(*185), 120(*13), 1267(*2), 1658(*1), 1821(*9), 1881(*183), 1882(*13), 199(*26), 220(*5), 2841(*20), NMV(*10)"
"http://rs.tdwg.org/dwc/terms/institutionCode",47884,776,21,false,false,false,"AM(*21), ANWC(*39), AUDCLO(*95), BDRS(*73), Department of Environment and Heritage Protection(*183), Department of Environment and Resource Management(*13), Department of National Parks, Sport and Racing(*13), Department of Science, Information Technology and Innovation(*9), EcoSmart Ecology(*20), Lockyer Catchment Association Inc.(*1), NMV(*10), Northern Gulf Resource Management Group(*2), Private Individual(*26), QVMAG(*10), Queensland Department of Environment and Resources Management (DERM)(*2), Queensland Naturalists' Club(*2), Queensland Parks and Wildlife Service(*185), SAMA(*37), WBM Oceanics Australia(*5), iNaturalist(*27), ..."
"http://purl.org/dc/terms/language",48648,12,1,false,false,false,"en(*12)"
"http://purl.org/dc/terms/license",48643,17,3,false,false,false,"http://creativecommons.org/licenses/by-nc/4.0/(*3), http://creativecommons.org/licenses/by/4.0/(*4), https://creativecommons.org/publicdomain/zero/1.0/legalcode(*10)"
"http://purl.org/dc/terms/modified",48150,510,23,false,false,false,"2010-10-29(*92), 2010-10-31(*6), 2010-12-13(*2), 2011-01-12(*4), 2012-02-19(*355), 2012-11-14(*1), 2014-07-01(*5), 2015-09-14(*1), 2015-11-09(*1), 2016-01-25(*1), 2016-03-04(*3), 2016-06-17(*1), 2016-06-23(*9), 2016-07-21(*1), 2016-12-17(*1), 2017-03-01(*1), 2017-03-25(*1), 2017-03-26(*13), 2017-03-31(*1), 2017-04-07(*1), ..."
"http://rs.tdwg.org/dwc/terms/ownerInstitutionCode",48232,428,10,false,false,false,"DERM(*13), DSITI(*9), EHP(*183), Flora and Fauna (North), DLRM(*3), NMV(*10), NPSR(*13), QNC(*2), QPWS(*185), Unknown(*5), WBM(*5)"
"duplicate_field_basisOfRecord",3488,45172,5,false,false,false,"HumanObservation(*45046), Image(*9), MachineObservation(*1), MaterialSample(*12), PreservedSpecimen(*104)"
"http://purl.org/dc/terms/references",97293,27,27,false,false,false,"http://www.inaturalist.org/observations/1217306(*1), http://www.inaturalist.org/observations/158209(*1), http://www.inaturalist.org/observations/1605188(*1), http://www.inaturalist.org/observations/178376(*1), http://www.inaturalist.org/observations/179525(*1), http://www.inaturalist.org/observations/259900(*1), http://www.inaturalist.org/observations/259907(*1), http://www.inaturalist.org/observations/2841559(*1), http://www.inaturalist.org/observations/3278123(*1), http://www.inaturalist.org/observations/361234(*1), http://www.inaturalist.org/observations/369065(*1), http://www.inaturalist.org/observations/374982(*1), http://www.inaturalist.org/observations/4054229(*1), http://www.inaturalist.org/observations/4229747(*1), http://www.inaturalist.org/observations/4421698(*1), http://www.inaturalist.org/observations/4646036(*1), http://www.inaturalist.org/observations/5396219(*1), http://www.inaturalist.org/observations/5441665(*1), http://www.inaturalist.org/observations/5599276(*1), http://www.inaturalist.org/observations/681918(*1), ..."
"http://purl.org/dc/terms/accessRights",48524,136,16,false,false,false,"Attribution-NonCommercial-ShareAlike License(*9), Avian Knowledge Network, Cornell Lab of Ornithology.  These data are made available through the Avian Knowledge Network, a National Science Foundation funded project of the Cornell Lab of Ornithology ...(*98), Creative Commons Attribution NonCommercial 3.0 Australia(*2), Â© Andrew Rock some rights reserved(*2), Â© Chris Nash some rights reserved(*1), Â© Graeme Worsleyall rights reserved(*1), Â© James Bailey some rights reserved(*1), Â© Nathan Ruser some rights reserved(*1), Â© Victor W Fazio III some rights reserved(*3), Â© andrew_mc some rights reserved(*1), Â© austin1 some rights reserved(*1), Â© corinne1 some rights reserved(*1), Â© goldie2 some rights reserved(*1), Â© libbyhepburn some rights reserved(*2), Â© msr some rights reserved(*2), Â© sea-kangaroo some rights reserved(*10)"
"http://purl.org/dc/terms/rightsHolder",97147,173,16,false,false,false,"Andrew Rock(*2), CSIRO(*38), Chris Nash(*1), Graeme Worsley(*1), James Bailey(*1), Museum Victoria(*10), Nathan Ruser(*1), Victor W Fazio III(*3), andrew_mc(*1), austin1(*1), corinne1(*1), eBird Bird Observation Checklist Database(*98), goldie2(*1), libbyhepburn(*2), msr(*2), sea-kangaroo(*10)"
"http://purl.org/dc/terms/type",97272,48,1,false,false,false,"PhysicalObject(*48)"
"http://rs.tdwg.org/dwc/terms/associatedMedia",48591,69,48,false,false,false,"/data/biocache-media/dr360/13889/0aa9f403-1c34-4be9-85b6-8594c4587574/3000271821_3f73a6ae1c.jpg(*1), /data/biocache-media/dr360/20580/ba23fc1a-aa6c-4dc6-92a4-708d03dbd5b0/3001095568_092ba2f933.jpg(*1), 0_image_87c6e513-e62f-480d-8f3a-865d61b37af9.jpg;1_image_0950a56c-98ab-4bb8-82c0-73a76ccea3a6.jpg;2_image_07e65932-47a7-47b8-89d9-837118a2f668.jpg;3_image_659efc2b-c3e5-4fd1-ad83-d0e951e74584.jpg;4_im...(*1), 1.jpeg;2.jpeg;3.jpeg(*4), 133648-Full1024.jpg(*1), 1415422020060.jpg;1415422035581.jpg;1415422066936.jpg(*1), 1417242088959.jpg;1417242106651.jpg;1417242122094.jpg(*1), 1455686194761.jpg(*1), 25044-Full1024.jpg(*1), 5834931777_3a4bd66790.jpg(*1), 5834933925_8db1583c54.jpg(*1), 83779-Full1024.jpg(*1), image0.jpg;image1.jpg(*2), image0.jpg;image1.jpg;image2.jpg(*1), image0.jpg;image1.jpg;image2.jpg;image3.jpg(*1), image6012.jpg(*1), image7781.jpg;image5561.jpg;image4957.jpg(*1), image868.jpg;image7090.jpg;image7933.jpg(*1), original.jpeg;original.jpeg;original.jpeg;original.jpeg;original.jpeg;original.jpeg(*1), original.jpg(*3), ..."
"http://rs.tdwg.org/dwc/terms/associatedReferences",48660,0,0,false,false,false,
"http://rs.tdwg.org/dwc/terms/associatedSequences",48660,0,0,false,false,false,
"http://rs.tdwg.org/dwc/terms/associatedTaxa",48660,0,0,false,false,false,
"http://rs.tdwg.org/dwc/terms/behavior",48637,23,4,false,false,false,"Bird with chicks(*1), Feeding(*16), Other(*1), Resting(*5)"
"http://rs.tdwg.org/dwc/terms/catalogNumber",17807,30853,30853,false,false,false,"5292263(*1), URN:CornellLabOfOrnithology:EBIRD:OBS171408187(*1), URN:CornellLabOfOrnithology:EBIRD:OBS178065140(*1), URN:CornellLabOfOrnithology:EBIRD:OBS216757966(*1), URN:CornellLabOfOrnithology:EBIRD:OBS228789902(*1), URN:CornellLabOfOrnithology:EBIRD:OBS228930043(*1), URN:CornellLabOfOrnithology:EBIRD:OBS229307798(*1), URN:CornellLabOfOrnithology:EBIRD:OBS229763165(*1), URN:CornellLabOfOrnithology:EBIRD:OBS250368181(*1), URN:CornellLabOfOrnithology:EBIRD:OBS274854696(*1), URN:CornellLabOfOrnithology:EBIRD:OBS274876001(*1), URN:CornellLabOfOrnithology:EBIRD:OBS282221380(*1), URN:CornellLabOfOrnithology:EBIRD:OBS303802130(*1), URN:CornellLabOfOrnithology:EBIRD:OBS303814107(*1), URN:CornellLabOfOrnithology:EBIRD:OBS305241677(*1), URN:CornellLabOfOrnithology:EBIRD:OBS359322298(*1), URN:CornellLabOfOrnithology:EBIRD:OBS377526386(*1), URN:CornellLabOfOrnithology:EBIRD:OBS425323927(*1), URN:CornellLabOfOrnithology:EBIRD:OBS426345129(*1), URN:CornellLabOfOrnithology:EBIRD:OBS431963409(*1), ..."
"http://rs.tdwg.org/dwc/terms/recordedBy",1147,47513,2454,false,false,false,"20457(*1), Berents, J. Julie|Berents, H. Harald(*1), Carlson, R. Richard(*8), Dunn, B. Bob(*1), Elling, L. Linda(*1), Harman, K. Kellie(*1), Hollow, V. Vanessa|Hollow, M. Matthew(*6), Ingleston, R. Roy|Ingleston, L. Lorraine(*9), Lacey, G. Geoff(*3), Mclean, V. Valda(*1), RAOU VIC historical observer code 1974(*1), RAOU VIC observer code 200(*1), RAOU VIC observer code 204(*2), RAOU VIC observer code 207(*5), RAOU VIC observer code 209(*3), Rapley, S. Shoshana(*6), Robinson, E. Edward(*1), Sanders, R. Rose(*1), Sim, C. C(*1), Vickers, D. David(*1), ..."
"http://rs.tdwg.org/dwc/terms/disposition",48648,12,1,false,false,false,"in collection(*12)"
"http://rs.tdwg.org/dwc/terms/establishmentMeans",48454,206,1,false,false,false,"native(*206)"
"http://rs.tdwg.org/dwc/terms/individualCount",30417,18243,190,false,false,false,"10(*775), 110(*9), 111(*1), 112(*1), 114(*1), 115(*1), 118(*4), 190(*3), 230(*3), 239(*1), 350(*8), 750(*2), 88(*2), 90(*24), 91(*4), 92(*2), 93(*2), 94(*1), 95(*3), 96(*2), ..."
"http://rs.tdwg.org/dwc/terms/lifeStage",48646,14,7,false,false,false,"Adult(*6), Immature(*3), Subadult(*1), Subdadult(*1), Unknown Sex, Adult (1)(*1), Unknown Sex, Juvenile (1)(*1), Unknown Sex, Juvenile (170); Unknown Sex, Adult (30)(*1)"
"http://rs.tdwg.org/dwc/terms/occurrenceRemarks",48227,433,249,false,false,false,"(EWa)(*1), 1000+ breeding(*1), 17 pairs  besting in mixed colony(*1), 2 seen in the paddock(*1), 3 seen.(*1), 9.30 am, 7 people, 40% cloud cover, after heavy rain over past 5 days.(*1), Ann  Rep 75/76(*5), Behavior -  Habitat -  Additional comments? - So many Cattle Egrets around the cattle.  Nest present -  How many? - 30(*1), CATTLE EGRET YARRAVEL 17/9 TAGGED AT SHORTLAND 18-2-92.(*1), CATTLE EGRET- 1062 BIRDS- 27/3- IN FLOODED PADDOCKS.(*1), Juvenile Cattle Egret (Ardea ibis syn: Bulbucus ibis) at Waterbird habitat, University of Queensland Campus, Gatton. Photographed on 5 March 2011.

Previously included in <i>Bubulcus ibis</i>,  <i>Bub...(*2), Overhead and 1 on spit(*1), Oxley Creek Common(*1), Present: Max Burrows, John and Sylvia Hibberd,Brenda Martin, Barbara Jones, Robyn Kesby Approx. 25 degrees C, clear, sunny. 9am to 12.30pm.(*1), Remarks: See SAO 24, 42.(*1), SAOA Scientific = Ardea ibis; SAOA Common name = Cattle Egret; SAOA Nsxcode = S00977;Lat =  35?2721''S; Long = 138?5711''''E; breeding comment = ; General comment = ; Microhabitat = ;(*1), SAOA Scientific = Ardea ibis; SAOA Common name = Cattle Egret; SAOA Nsxcode = S00977;Lat =  38?0202''S; Long = 140?4212''E; breeding comment = ; General comment = ; Microhabitat = ;(*1), Three seen with cattle.(*1), hundreds had laid eggs 700-800 nests in use(*1), only 2 birds(*1), ..."
"http://rs.tdwg.org/dwc/terms/occurrenceStatus",0,48660,2,false,false,false,"absent(*763), present(*47897)"
"http://rs.tdwg.org/dwc/terms/occurrenceID",46146,2514,2461,false,false,false,"3134479(*1), 3223183(*1), 3251656(*1), 3305120(*1), 3307782(*1), 3421457(*1), 3434775(*1), 3437801(*1), 3583547(*1), 3982369(*1), 4479097(*1), 5250865(*1), 5292263(*1), Ardea ibis-1992-43-A (Tony) J McAleer(*1), Ardea ibis-1996-40-A (Tony) J McAleer(*1), Ardea ibis-1999-29-A (Tony) J McAleer(*1), Ardea ibis-2002-11-A (Tony) J McAleer(*1), Ardea ibis-2002-28-A (Tony) J McAleer(*1), urn:lsid:ozcam.taxonomy.org.au:ANWC:Birds:B47674(*1), urn:lsid:ozcam.taxonomy.org.au:ANWC:Birds:B47677(*1), ..."
"http://rs.tdwg.org/dwc/terms/organismQuantity",48660,0,0,false,false,false,
"http://rs.tdwg.org/dwc/terms/organismQuantityType",48660,0,0,false,false,false,
"http://rs.tdwg.org/dwc/terms/otherCatalogNumbers",47188,1472,1132,false,false,false,"190050(*1), 190051(*1), 190052(*1), 190053(*1), 190054(*1), 190055(*1), 190056(*1), 190057(*1), 190058(*1), 190059(*1), 2063763(*1), 2063774(*1), 2073571(*1), 2074656(*1), 2074657(*1), 2074658(*1), 2074659(*1), ecatalogue.irn:59337(*1), ecatalogue.irn:59338(*1), ecatalogue.irn:59339(*1), ..."
"http://rs.tdwg.org/dwc/terms/preparations",48564,96,25,false,false,false,"Egg clutch(*10), Mounted skin(*2), Skeleton(*1), Skin-Feather(s)(*1), Spirit preserved(*3), digitised .wav(*1), dry(*3), liver(*12), skin(*7), skin/wing; tissues: LIVER/HEART CRYOFROZEN + ANSP(*1), skin; tissues: 1 tube liver cryofrozen(*1), skin; tissues: LIVER CRYOFROZEN(*3), skin; tissues: LIVER CRYOFROZEN + ANSP(*2), skin; tissues: LIVER CRYOFROZEN + WAM(*3), skin; tissues: LIVER CRYOFROZEN, WAM IN SPIRIT(*1), skin; tissues: liver cryofrozen(*1), specimenNature=Skeleton;specimenForm=Dry(*1), specimenNature=Skin;specimenForm=Dry(*3), specimenNature=Skin;specimenForm=Dry;storageMedium=dry(*2), wet(*1), ..."
"http://rs.tdwg.org/dwc/terms/sex",48582,78,9,false,false,false,"?Male(*1), Female(*17), Female?(*1), Male(*19), Not applicable(*9), Unknown(*1), female(*17), male(*12), not recorded(*1)"
"http://rs.tdwg.org/dwc/terms/recordNumber",48606,54,54,false,false,false,"1/3 O(*1), 1/4 184A(*1), B366(*1), questagame-14677(*1), questagame-14715(*1), questagame-19680(*1), questagame-2087(*1), questagame-25171(*1), questagame-26551(*1), questagame-34285(*1), questagame-35183(*1), questagame-35452(*1), questagame-36140(*1), questagame-36342(*1), questagame-37760(*1), questagame-40015(*1), questagame-46703(*1), questagame-48045(*1), questagame-68492(*1), questagame-7466(*1), ..."
"http://rs.tdwg.org/dwc/terms/reproductiveCondition",48567,93,13,false,false,false,"Animals - Adult/s - Sex unspecified(*14), Animals - Female/s - Age group unspecified(*1), Breeding(*2), CN(*1), F(*35), FL(*1), H(*1), N(*1), NB(*1), NY(*14), ON(*17), P(*1), PE(*4)"
"http://rs.tdwg.org/dwc/terms/associatedOrganisms",48660,0,0,false,false,false,
"http://rs.tdwg.org/dwc/terms/associatedOccurrences",47187,1473,1368,false,false,false,"0365d3ea-8393-476c-b707-381f718fae45(*3), 038bb05b-aaf8-4981-b29a-38001af8a5b7(*1), 2504f6ea-b41b-4333-87eb-ab9208bacfe3(*1), 2a10bb41-b72f-44a1-858e-d001a6a4c4a2(*1), 2b8ae03b-862a-44a6-97b9-eab6ae7cb68c(*1), 3ee9465c-4269-4fcb-9b95-04c1f508be74(*1), 3eff2acf-f731-4651-97ed-16be7330fe72(*1), 4e1a0660-40fc-44f4-9958-fe613869948d(*1), 59df8cfe-d05b-4f38-a007-b38fbb5912d6(*1), 77c4fae4-f241-42ba-8dcd-6ab3b3df2608(*1), 9a744748-3a4d-4da6-8b5c-ba95902bc2b6(*1), a0425f67-dd02-4e3e-b8e8-3105b39401b6(*2), a2836d1e-0de9-4b2f-a86c-ab7c4709ecc7(*1), a90438ba-5c8d-4e10-96d2-2823349b12fd(*1), b94cfeb7-5058-4c10-ad63-2fac4d0b55bd(*1), c7851ab1-b575-407a-90a2-a66c5c481e60(*1), cb1d8f5a-ec2c-4146-9d72-98d470c9917c(*1), db2d896f-1dd3-4eed-9fc0-35c3eda2ace3(*1), e285f2d5-ffdd-4faa-94b3-bc8766a79929(*1), ff441079-327b-4a81-919f-aea51efd2ff4|dc4e532e-c86a-4fee-9c78-b57b3d019543(*1), ..."
"http://rs.tdwg.org/dwc/terms/organismID",48660,0,0,false,false,false,
"http://rs.tdwg.org/dwc/terms/organismName",48660,0,0,false,false,false,
"http://rs.tdwg.org/dwc/terms/organismRemarks",48660,0,0,false,false,false,
"http://rs.tdwg.org/dwc/terms/organismScope",48660,0,0,false,false,false,
"http://rs.tdwg.org/dwc/terms/previousIdentifications",48305,355,2,false,false,false,"Ardea ibis(*8), Ardeola ibis(*347)"
"http://rs.tdwg.org/dwc/terms/day",9,48651,31,false,true,true,"10(*1342), 11(*1245), 12(*1314), 13(*1277), 14(*1395), 15(*1562), 16(*1300), 17(*1245), 18(*1286), 19(*1299), 22(*1402), 23(*1187), 24(*1293), 25(*1271), 26(*1306), 27(*1277), 28(*1264), 29(*1162), 30(*1276), 31(*745), ..."
"http://rs.tdwg.org/dwc/terms/endDayOfYear",48660,0,0,false,false,false,
"http://rs.tdwg.org/dwc/terms/eventRemarks",27983,20677,13151,false,false,false,"All species seen/hear between 3:00pm-5:00pm between entrance and Pelican Island. Eremaea Birds List 180702(*1), An interesting 13km drive through a variety of habitats. Some calls I couldn't ID.  <br />Submitted from BirdLog ANZ for iOS, version 1.8(*1), Animal Tracks Safari in Buffalo Reserve(*1), BAt(*9), Brief incidental stop on noticing healthy avian activity within site. Eremaea Birds List 137812(*1), Cloudy start but cleared up to sunshine. Eremaea Birds List 182431(*2), Eremaea Birds List 147705(*2), Eremaea Birds List 186292 Birdlife Australia Record Form 2041898(*1), Eremaea Birds List 64452 Birdlife Australia Record Form 2008376(*1), Eremaea Birds List 89360(*1), Eremaea Birds List 89361(*1), Eremaea Birds List 89362(*1), Eremaea Birds List 89364(*1), Eremaea Birds List 90352(*1), Just a walk to the creek and back again. A very quiet evening compared to last night  <br />Submitted from BirdLog ANZ for iOS, version 1.8(*1), Knuckey lagoons Eremaea Birds List 22600(*1), Started at north-west ponds accessed from Wattle Road then walked to south-east pond (dry) and walked to the edge of the aerodrome on the eastern side of the north-west ponds. Backed tracked and finis...(*1), Sunny and cool. Incidental sightings Eremaea Birds List 135961 Birdlife Australia Record Form 2026847(*1), Survey 1535-1615. Eremaea Birds List 12018 Obsolete species: Restless/Paperbark Flycatcher(*1), Survey of Fiddlers Lane and lagoon using telescope from picnic area. Large numbers of birds flying into and from the lagoon during the survey. Good weather conditions. Eremaea Birds List 187290 Birdli...(*1), ..."
"http://rs.tdwg.org/dwc/terms/eventTime",30109,18551,874,false,false,false,"04:40:00(*12), 05:10:00(*24), 05:56:00(*3), 06:26:00(*13), 07:08:00(*5), 10:06:00(*7), 10:18:00(*5), 10:53:00(*2), 11:11:00(*3), 11:23:00(*3), 12:39:00(*4), 13:09:00(*2), 13:44:00(*3), 14:14:00(*10), 16:35:00(*31), 17:05:00(*18), 17:40:00(*21), 17:52:00(*5), 18:10:00(*7), 18:22:00(*3), ..."
"http://rs.tdwg.org/dwc/terms/eventID",2937,45723,40001,false,false,false,"3632(*1), 3633(*1), 3637(*1), 3638(*1), 3639(*1), 3640(*1), 3650(*1), 476292(*1), 5111412(*1), 523133(*1), S16572392(*1), S16572394(*1), S16584364(*1), S16618242(*1), S16621884(*1), S16633870(*1), S16633873(*1), S16645856(*1), S19863699(*1), S19922517(*1), ..."
"http://rs.tdwg.org/dwc/terms/fieldNotes",48660,0,0,false,false,false,
"http://rs.tdwg.org/dwc/terms/fieldNumber",48660,0,0,false,false,false,
"http://rs.tdwg.org/dwc/terms/habitat",48555,105,28,false,false,false,"BULLOAK TREE LINED DAM IN GRASS PADDOCK(*1), CHANNELS/IRRIGATED PASTURES/FARMLAND(*6), Daisy paddocks.(*1), Edge of dam in tropical Eucalypt woodland(*2), HYASINTH CHOKED LAGOON STUDDED WITH MELALEUCAS(*2), Mangroves(*48), Melaleuca nodosa low open forest on sedimentary rocks(*1), Natural Grassland(*1), Near an artificial water source(*1), OPEN PASTURE(*2), Open Water(*1), Paperbark(*1), Parkland(*1), Pasture with cattle.(*1), Peri-urban(*3), RIPARIAN FOREST(*2), Rainforest & Mangroves(*1), Rural(*12), SMALL GROUP OF MELALEUCA TREES(*1), Urban(*2), ..."
"http://rs.tdwg.org/dwc/terms/month",9,48651,12,false,true,true,"1(*3978), 10(*5067), 11(*3885), 12(*3024), 2(*2689), 3(*3789), 4(*4244), 5(*4435), 6(*4445), 7(*4267), 8(*4177), 9(*4651)"
"http://rs.tdwg.org/dwc/terms/eventDate",9,48651,10441,false,false,false,"1973-08-18(*1), 1973-08-20(*1), 1973-08-21(*2), 1984-10-31(*3), 1996-05-22(*4), 1996-05-24(*1), 1996-05-25(*1), 1996-05-26(*3), 1996-05-29(*1), 2002-12-01(*21), 2002-12-02(*1), 2002-12-03(*2), 2002-12-04(*3), 2002-12-06(*1), 2002-12-10(*2), 2014-07-01(*12), 2014-07-02(*16), 2014-07-03(*14), 2014-07-04(*22), 2014-07-05(*19), ..."
"http://rs.tdwg.org/dwc/terms/parentEventID",48660,0,0,false,false,false,
"http://rs.tdwg.org/dwc/terms/sampleSizeUnit",48660,0,0,false,false,false,
"http://rs.tdwg.org/dwc/terms/samplingEffort",29136,19524,4589,false,false,false,"duration=105; distance=0.2; observers=1(*2), duration=115; distance=5; observers=1(*1), duration=120; distance=1; observers=10(*1), duration=120; distance=1; observers=15(*2), duration=120; distance=1; observers=18(*1), duration=180; distance=0.5; observers=1(*1), duration=180; distance=0.5; observers=2(*2), duration=180; distance=0.5; observers=3(*1), duration=19; distance=0.1; observers=2(*2), duration=200; distance=8; observers=1(*1), duration=20; distance=2.4; observers=1(*1), duration=25; distance=0.5; observers=1(*3), duration=25; distance=0.5; observers=2(*4), duration=60; distance=1.6; observers=1(*2), duration=61; distance=1.609; observers=2(*2), duration=70; distance=0.2; observers=1(*1), duration=70; distance=2.993; observers=1(*1), duration=70; distance=2.993; observers=2(*1), duration=7; distance=2; observers=1(*1), duration=85; distance=0.5; observers=12(*1), ..."
"http://rs.tdwg.org/dwc/terms/samplingProtocol",48648,12,1,false,false,false,"Garden Bird Survey - http://collections.ala.org.au/public/show/dr466(*12)"
"http://rs.tdwg.org/dwc/terms/startDayOfYear",48660,0,0,false,false,false,
"http://rs.tdwg.org/dwc/terms/verbatimEventDate",25382,23278,5066,false,false,false,"1991-05-05(*2), 1991-05-08(*2), 1991-05-13(*1), 1991-05-15(*1), 1996-05-26(*1), 2002-12-01(*1), 2002-12-04(*2), 2002-12-06(*1), 2002-12-07(*1), 2002-12-10(*1), 2007-12-21(*1), 2007-12-22(*2), 2007-12-23(*1), 2007-12-26(*1), 2007-12-28(*1), 2014-07-01(*12), 2014-07-02(*16), 2014-07-03(*14), 2014-07-04(*22), 2014-07-05(*19), ..."
"http://rs.tdwg.org/dwc/terms/year",9,48651,73,false,true,true,"1933(*3), 1970(*76), 1971(*70), 1972(*70), 1973(*84), 1974(*103), 1975(*98), 1976(*125), 1977(*637), 1978(*569), 1979(*555), 1982(*166), 1983(*167), 1984(*216), 1985(*246), 1986(*445), 1987(*466), 1990(*617), 2000(*1293), 2001(*1407), ..."
"http://rs.tdwg.org/dwc/terms/continent",48621,39,1,false,false,false,"Australia(*39)"
"http://rs.tdwg.org/dwc/terms/coordinatePrecision",48648,12,1,false,false,true,"0.001(*12)"
"http://rs.tdwg.org/dwc/terms/coordinateUncertaintyInMeters",40400,8260,74,false,true,true,"10(*16), 1018(*1), 111000(*4), 15(*2), 150(*10), 155(*1), 16(*8), 163(*1), 165(*1), 17(*1), 18500(*221), 2000(*54), 2700(*1), 27000(*15), 28943(*1), 350(*1), 4602(*1), 50(*43), 97(*2), 999(*1), ..."
"http://rs.tdwg.org/dwc/terms/country",0,48660,1,false,false,false,"Australia(*48660)"
"http://rs.tdwg.org/dwc/terms/countryCode",43369,5291,1,false,false,false,"AU(*5291)"
"http://rs.tdwg.org/dwc/terms/county",48618,42,3,false,false,false,"Gatton(*1), Uralla(*2), not applicable(*39)"
"http://rs.tdwg.org/dwc/terms/verbatimDepth",48660,0,0,false,false,false,
"http://rs.tdwg.org/dwc/terms/verbatimElevation",48303,357,58,false,false,true,"10(*34), 110(*1), 118(*2), 15(*11), 150(*3), 155(*1), 160(*10), 1780(*1), 190(*7), 230(*6), 240(*4), 280(*1), 310(*1), 45(*15), 475(*1), 50(*8), 90(*3), 95(*1), 96(*1), 98(*2), ..."
"http://rs.tdwg.org/dwc/terms/footprintSRS",48305,355,1,false,false,false,"PROJCS[""GDA94 / MGA zone 55"", 
  GEOGCS[""GDA94"", 
    DATUM[""Geocentric Datum of Australia 1994"", 
      SPHEROID[""GRS 1980"", 6378137.0, 298.257222101, AUTHORITY[""EPSG"",""7019""]], 
      TOWGS84[0.0, 0...(*355)"
"http://rs.tdwg.org/dwc/terms/footprintSpatialFit",48660,0,0,false,false,false,
"http://rs.tdwg.org/dwc/terms/footprintWKT",48305,355,144,false,false,false,"POINT (352312 5475683)(*1), POINT (395116 5451406)(*3), POINT (423310 5433251)(*10), POINT (458000 5437700)(*3), POINT (493273 5285616)(*1), POINT (493347 5211585)(*5), POINT (493384 5174566)(*1), POINT (498500 5419300)(*1), POINT (506931 5267109)(*1), POINT (507040 5378143)(*1), POINT (534211 5267029)(*1), POINT (536112 5459183)(*2), POINT (536912 5459583)(*2), POINT (540612 5437883)(*1), POINT (549109 5451995)(*1), POINT (549233 5470497)(*1), POINT (575730 5322225)(*3), POINT (590414 5396084)(*1), POINT (604039 5377392)(*2), POINT (604307 5395896)(*3), ..."
"http://rs.tdwg.org/dwc/terms/geodeticDatum",0,48660,1,false,false,false,"EPSG:4326(*48660)"
"http://rs.tdwg.org/dwc/terms/georeferenceProtocol",48648,12,1,false,false,false,"Coordinates sourced from Google Earth and truncated to nearest 0.001 degrees(*12)"
"http://rs.tdwg.org/dwc/terms/georeferenceRemarks",48660,0,0,false,false,false,
"http://rs.tdwg.org/dwc/terms/georeferenceSources",48648,12,1,false,false,false,"Google Earth(*12)"
"http://rs.tdwg.org/dwc/terms/georeferenceVerificationStatus",44057,4603,2,false,false,false,"Verified by curator(*12), verified(*4591)"
"http://rs.tdwg.org/dwc/terms/georeferencedBy",44057,4603,2,false,false,false,"Birds Australia(*4591), Canberra Ornithologists Group(*12)"
"http://rs.tdwg.org/dwc/terms/georeferencedDate",48660,0,0,false,false,false,
"http://rs.tdwg.org/dwc/terms/higherGeography",48650,10,3,false,false,false,"Australia, New South Wales(*4), Australia, Northern Territory(*1), Australia, Victoria(*5)"
"http://rs.tdwg.org/dwc/terms/higherGeographyID",48660,0,0,false,false,false,
"http://rs.tdwg.org/dwc/terms/island",48621,39,2,false,false,false,"Tasmania(*1), not applicable(*38)"
"http://rs.tdwg.org/dwc/terms/islandGroup",48621,39,1,false,false,false,"not applicable(*39)"
"http://rs.tdwg.org/dwc/terms/decimalLatitude",0,48660,9004,false,false,true,"-12.200000003(*2), -12.81778(*1), -12.982968(*2), -14.70702(*2), -16.3011188(*15), -16.8634445(*1), -20.78333(*1), -26.525(*1), -26.94257(*1), -27.0113052(*1), -27.2774999966(*1), -27.5549174(*6), -27.8475(*5), -31.4607824(*1), -32.8192432(*6), -32.87639(*2), -37.4761(*1), -38.199046(*1), -38.2870397(*1), -41.5(*1), ..."
"http://rs.tdwg.org/dwc/terms/locality",48660,0,0,false,false,false,
"http://rs.tdwg.org/dwc/terms/locationAccordingTo",48660,0,0,false,false,false,
"http://rs.tdwg.org/dwc/terms/locationRemarks",48416,244,151,false,false,false,"12 Km W Meningie(*3), 12 Km W Wellington(*2), Big Swamp;(*1), Bool Lagoon G.R. ; ; ; ; ; 54; 575952; 5891288(*2), Goolwa N of; ; ; 35028'56''S; 138046'36''E; 54; 298317; 6071198(*1), HOMELAND HOMESTEAD LAGOON, C.12 KM NNW OF TOWN(*2), Kaurna Park Wetlands(*2), Lucindale ; ; ; 36058'18''S; 140022'08''E; 54; 443825; 5908085(*1), Morgan ferry.(*1), Near cnr Port Wakefield Road & Port Gawler Road;(*1), Penola - near;(*1), Port Wakefield;(*1), Salt Lagoon;(*1), Salter Springs - 3 km W of;(*1), St Kilda(*2), Tauwitchere Homestead Swamp.(*4), Tauwitchere Pump Shed Coorong Lakeside(*1), Virginia;(*1), Willunga Hill;(*1), ecatalogue.LocCollectionEventLocal: ""Australia, New South Wales, MURWILLUMBAH (28° 20' S, 153° 24' E) 11/12/1977 - 11/12/1977, WILLOWS, J.(Collector), Field Collected - Terrestrial"";(*1), ..."
"http://rs.tdwg.org/dwc/terms/locationID",48660,0,0,false,false,false,
"http://rs.tdwg.org/dwc/terms/decimalLongitude",0,48660,9009,false,false,true,"115.7719302(*1), 132.3940837(*1), 142.0187(*3), 143.29167(*1), 144.5633841(*1), 145.1327(*4), 145.1328(*3), 145.32405(*241), 145.7502294(*3), 147.0403934(*1), 147.4223587727(*2), 148.0846176708(*1), 148.4667921(*2), 149.5845(*1), 151.2166595(*1), 152.5331175(*2), 152.6135731(*5), 152.7456(*1), 152.8781(*1), 152.8789(*1), ..."
"http://rs.tdwg.org/dwc/terms/maximumDepthInMeters",48660,0,0,false,false,false,
"http://rs.tdwg.org/dwc/terms/maximumElevationInMeters",48659,1,1,false,false,true,"2.99(*1)"
"http://rs.tdwg.org/dwc/terms/maximumDistanceAboveSurfaceInMeters",48660,0,0,false,false,false,
"http://rs.tdwg.org/dwc/terms/minimumDepthInMeters",48660,0,0,false,false,false,
"http://rs.tdwg.org/dwc/terms/minimumElevationInMeters",48659,1,1,false,false,true,"2.99(*1)"
"http://rs.tdwg.org/dwc/terms/minimumDistanceAboveSurfaceInMeters",48660,0,0,false,false,false,
"http://rs.tdwg.org/dwc/terms/municipality",48659,1,1,false,false,false,"Tucabia(*1)"
"http://rs.tdwg.org/dwc/terms/pointRadiusSpatialFit",48660,0,0,false,false,false,
"http://rs.tdwg.org/dwc/terms/stateProvince",0,48660,8,false,false,false,"Australian Capital Territory(*757), New South Wales(*17641), Northern Territory(*2583), Queensland(*19369), South Australia(*376), Tasmania(*973), Victoria(*5877), Western Australia(*1084)"
"http://rs.tdwg.org/dwc/terms/verbatimCoordinateSystem",13299,35361,5,false,false,false,"Easting and northing(*355), UTM; decimal degrees(*206), decimal degrees(*23006), degrees minutes(*11787), degrees minutes seconds(*7)"
"http://rs.tdwg.org/dwc/terms/verbatimCoordinates",48099,561,276,false,false,false,"237216.0, 5558603.0(*1), 304926.0, 5488829.0(*1), 308191.0, 5493294.0(*1), 310162.0, 5486726.0(*4), 310884.0, 5490976.0(*1), 479434.0, 5341107.0(*1), 502300.0, 5422500.0(*1), 506931.0, 5267109.0(*1), 507004.0, 5341134.0(*1), 517112.0, 5405183.0(*1), 558612.0, 5437183.0(*3), 574660.0, 5293140.0(*1), 584612.0, 5428883.0(*3), Zone:54 Easting:274670 Northing:6153100(*1), Zone:54 Easting:286576 Northing:6085773(*1), Zone:54 Easting:330201 Northing:6086702(*1), Zone:54 Easting:335071 Northing:6069039(*5), Zone:54 Easting:338135 Northing:6050231(*3), Zone:54 Easting:341027 Northing:6091338(*2), Zone:54 Easting:342699 Northing:6048094(*1), ..."
"http://rs.tdwg.org/dwc/terms/verbatimLatitude",12828,35832,4969,false,false,false,"-12.81778(*1), -12.982968(*2), -14.70702(*2), -16.3011188(*9), -16.8634445(*1), -17.2680652(*1), -17.91111(*1), -19.19462(*50), -20.78333(*1), -26.525(*1), -26.94257(*1), -27.5549174(*3), -27.8475(*3), -28.125(*2), -28.127245(*16), -32.8192432(*5), -34.5318033(*5), -37.883611(*1), -38.2870397(*1), -43.3177(*2), ..."
"http://rs.tdwg.org/dwc/terms/verbatimLocality",25489,23171,4761,false,false,false,"33.15 148.05 Tichborne 10' Cell(*1), Abattoir Swamp(*2), Albert River Park, Eagleby(*1), Barwon Downs 10' Cell(*7), Boyces Road, Mount Tarampa(*12), Bungendore Road at Lake Road(*2), Fish Farm(*1), Great Otway National Park--Aire River(*2), Howlong NSW10' Cell(*1), Jacka(*1), Knuckey Lagoons CR(*53), Lithgow(*1), Power House Park, Howard(*1), Seventeen Seventy(*1), Shiptons Flat 10' Cell(*1), Tygum Park, Waterford West, Logan City(*28), Wilfords Lane Wetlands(*6), Wye River VIC 3234, 37 Great Ocean Road(*1), Yungaburra Area(*2), tweed river(*1), ..."
"http://rs.tdwg.org/dwc/terms/verbatimLongitude",12828,35832,4892,false,false,false,"132.3940837(*1), 139.41667(*3), 143.29167(*1), 144.5633841(*1), 145.15071(*1), 145.3167307(*2), 145.32405(*197), 145.7502294(*2), 145.92933(*1), 147.0403934(*1), 148.4667921(*2), 149° 54' E(*3), 152.606535(*1), 152.6135731(*4), 152.7456(*1), 152.8006625(*1), 152.82222(*92), 152.96876(*3), 152.9850805(*2), 153.0473372(*1), ..."
"http://rs.tdwg.org/dwc/terms/verbatimSRS",25054,23606,6,false,false,false,"AGD66(*1), EPSG:28355(*355), EPSG:4283(*206), EPSG:4326(*23006), WGS84(*4), not recorded; assume WGS84 for Australia(*34)"
"http://rs.tdwg.org/dwc/terms/waterBody",48620,40,2,false,false,false,"Gwydir Wetlands(*1), not applicable(*39)"
"http://rs.tdwg.org/dwc/terms/identificationID",48634,26,26,false,true,true,"11221149(*1), 11361766(*1), 1202447(*1), 2256736(*1), 239945(*1), 278347(*1), 278395(*1), 3009527(*1), 402062(*1), 419881(*1), 5540026(*1), 597708(*1), 611649(*1), 622564(*1), 622815(*1), 6273486(*1), 7129788(*1), 8287359(*1), 8690657(*1), 9217577(*1), ..."
"http://rs.tdwg.org/dwc/terms/identificationReferences",48660,0,0,false,false,false,
"http://rs.tdwg.org/dwc/terms/identificationRemarks",25655,23005,4,false,false,false,"All species reported, Not reviewed(*21430), All species reported, Reviewed(*134), Not all species reported, Not reviewed(*1428), Not all species reported, Reviewed(*13)"
"http://rs.tdwg.org/dwc/terms/identificationVerificationStatus",20562,28098,5,false,false,false,"Acceptable(*2198), Approved(*20804), Confirmed(*8), Not approved(*5081), confident(*7)"
"http://rs.tdwg.org/dwc/terms/identifiedBy",44057,4603,2,false,false,false,"Birds Australia(*4591), Canberra Ornithologists Group(*12)"
"http://rs.tdwg.org/dwc/terms/dateIdentified",48634,26,22,false,false,false,"2011-01-21(*1), 2012-12-06(*1), 2013-01-12(*1), 2013-01-15(*2), 2013-04-30(*1), 2013-05-09(*2), 2013-08-18(*1), 2013-08-24(*2), 2014-05-18(*2), 2015-02-07(*1), 2016-03-28(*1), 2016-05-23(*1), 2016-07-21(*1), 2016-09-29(*1), 2016-10-24(*1), 2016-11-27(*1), 2017-03-19(*1), 2017-03-24(*1), 2017-03-29(*1), 2017-04-07(*1), ..."
"http://rs.tdwg.org/dwc/terms/identificationQualifier",48463,197,3,false,false,false,"Accepted(*7), Reliable(*188), Unconfirmed(*2)"
"http://rs.tdwg.org/dwc/terms/typeStatus",48660,0,0,false,false,false,
"http://rs.tdwg.org/dwc/terms/acceptedNameUsage",48639,21,3,false,false,false,"Ardea ibis(*2), Ardea ibis coromanda(*18), Ardea ibis coromandus (Boddaert, 1783)(*1)"
"http://rs.tdwg.org/dwc/terms/acceptedNameUsageID",48660,0,0,false,false,false,
"http://rs.tdwg.org/dwc/terms/class",49,48611,1,false,false,false,"Aves(*48611)"
duplicate_field_class,47839,821,2,false,false,false,"AVES(*206), Aves(*615)"
"http://rs.tdwg.org/dwc/terms/vernacularName",56,48604,1,false,false,false,"Cattle Egret(*48604)"
"http://rs.tdwg.org/dwc/terms/family",0,48660,1,false,false,false,"Ardeidae(*48660)"
"http://rs.tdwg.org/dwc/terms/genus",0,48660,1,false,false,false,"Ardea(*48660)"
"http://rs.tdwg.org/dwc/terms/higherClassification",48650,10,1,false,false,false,"Animalia;Chordata;Vertebrata;Aves;Ciconiiformes;Ardeidae(*10)"
"http://rs.tdwg.org/dwc/terms/infraspecificEpithet",48610,50,2,false,false,false,"coromanda(*40), coromandus(*10)"
"http://rs.tdwg.org/dwc/terms/kingdom",0,48660,1,false,false,false,"Animalia(*48660)"
"http://rs.tdwg.org/dwc/terms/nameAccordingTo",48660,0,0,false,false,false,
"http://rs.tdwg.org/dwc/terms/nameAccordingToID",48660,0,0,false,false,false,
"http://rs.tdwg.org/dwc/terms/namePublishedIn",48660,0,0,false,false,false,
"http://rs.tdwg.org/dwc/terms/namePublishedInID",48660,0,0,false,false,false,
"http://rs.tdwg.org/dwc/terms/namePublishedInYear",48660,0,0,false,false,false,
"http://rs.tdwg.org/dwc/terms/nomenclaturalCode",48660,0,0,false,false,false,
"http://rs.tdwg.org/dwc/terms/nomenclaturalStatus",48660,0,0,false,false,false,
"http://rs.tdwg.org/dwc/terms/order",0,48660,1,false,false,false,"Ciconiiformes(*48660)"
"http://rs.tdwg.org/dwc/terms/originalNameUsageID",48660,0,0,false,false,false,
"http://rs.tdwg.org/dwc/terms/originalNameUsage",48660,0,0,false,false,false,
"http://rs.tdwg.org/dwc/terms/parentNameUsage",48660,0,0,false,false,false,
"http://rs.tdwg.org/dwc/terms/parentNameUsageID",48660,0,0,false,false,false,
"http://rs.tdwg.org/dwc/terms/phylum",0,48660,1,false,false,false,"Chordata(*48660)"
"http://rs.tdwg.org/dwc/terms/taxonRank",0,48660,2,false,false,false,"species(*48604), subspecies(*56)"
"http://rs.tdwg.org/dwc/terms/scientificNameAuthorship",48660,0,0,false,false,false,
"http://rs.tdwg.org/dwc/terms/scientificNameID",48553,107,5,false,false,false,"2480830(*12), 4408439(*11), 53b398e5e35eb12984035efd(*1), urn:lsid:biodiversity.org.au:afd.taxon:6a667f2c-a8e0-46f7-9d14-3c4332d3f6ab(*81), urn:lsid:catalogueoflife.org:taxon:eff42710-29c1-102b-9a4a-00304854f820:ac2010(*2)"
"http://rs.tdwg.org/dwc/terms/specificEpithet",0,48660,1,false,false,false,"Ardea ibis(*48660)"
"duplicate_field_specificEpithet",48342,318,1,false,false,false,"ibis(*318)"
"http://rs.tdwg.org/dwc/terms/subgenus",48660,0,0,false,false,false,
"http://rs.tdwg.org/dwc/terms/taxonID",2605,46055,10,false,false,false,"10143(*1464), 1830(*596), 2183(*25885), 5017(*27), 977(*17449), B76-00175(*284), B95-00165(*71), S00977(*206), urn:lsid:biodiversity.org.au:afd.taxon:6a667f2c-a8e0-46f7-9d14-3c4332d3f6ab(*71), urn:lsid:catalogueoflife.org:taxon:eff42710-29c1-102b-9a4a-00304854f820:ac2010(*2)"
"http://rs.tdwg.org/dwc/terms/taxonRemarks",40745,7915,2105,false,false,false,"140+. Roosting in paperbark swamp.(*1), 3 in evening(*1), 4 WL, 4 NRS(*1), 4 briefly on lagoon, mostly flyovers.(*1), C. 130(*1), Cnr of Portarlington-Queenscliff Rd & Swan Bay Rd.(*1), Louise(*1), Michael(*63), Over 2,500 pairs arrive to nest in the trees on a small island in the lake in Apex Park and the large number of birds involved will eventually destroy the trees. A team of Natural System and Wildlife ...(*1), Paddock, Warneet Rd(*1), Ray(*3), Still a few around, coming into breeing plumage.(*1), T-section(*1), Very many birds in grassland where cattle were present. probably spread out.(*1), Viv(*1), almost all in breeding plumage. perched in dead tree in lagoon 1 and saw about 20 of the flock later with Great Egret and 3 White-faced Herons.(*1), flew in near sunset to roost on one of the islands(*1), numerous(*1), several among cattle grazing opposite stn levee(*1), ~20 birds sunning themselves in pines at the abattoir in Corio. Fair bit of fog still around and perhaps a bit cold still for foraging on the ground (at 9:30AM). driving past but yellow bill clearly d...(*1), ..."
"http://rs.tdwg.org/dwc/terms/taxonConceptID",0,48660,2,false,false,false,"urn:lsid:biodiversity.org.au:afd.taxon:4d70c7c0-1d4a-41c5-90d4-93871cbf2a3c(*48604), urn:lsid:biodiversity.org.au:afd.taxon:97d811a7-6c9d-421f-9ac7-8c75e4c61b4e(*56)"
"http://rs.tdwg.org/dwc/terms/scientificName",0,48660,2,false,false,false,"Ardea (Bubulcus) ibis(*48604), Ardea (Bubulcus) ibis coromanda(*56)"
"http://rs.tdwg.org/dwc/terms/taxonomicStatus",48660,0,0,false,false,false,
"http://rs.tdwg.org/dwc/terms/verbatimTaxonRank",47892,768,1,false,false,false,"species(*768)"
"http://rs.tdwg.org/dwc/terms/measurementAccuracy",48660,0,0,false,false,false,
"http://rs.tdwg.org/dwc/terms/measurementDeterminedBy",48660,0,0,false,false,false,
"http://rs.tdwg.org/dwc/terms/measurementDeterminedDate",48660,0,0,false,false,false,
"http://rs.tdwg.org/dwc/terms/measurementID",48660,0,0,false,false,false,
"http://rs.tdwg.org/dwc/terms/measurementMethod",48660,0,0,false,false,false,
"http://rs.tdwg.org/dwc/terms/measurementRemarks",48660,0,0,false,false,false,
"http://rs.tdwg.org/dwc/terms/measurementType",48660,0,0,false,false,false,
"http://rs.tdwg.org/dwc/terms/measurementUnit",48660,0,0,false,false,false,
"http://rs.tdwg.org/dwc/terms/measurementValue",48660,0,0,false,false,false,
austConservation.p,48660,0,0,false,false,false,
stateConservation.p,26359,22301,3,false,false,false,"Least Concern,(*2583), Near Threatened,Rare(*349), Special least concern wildlife,Special least concern wildlife(*19369)"
speciesGroups.p,48660,0,0,false,false,false,
species_subgroup,48660,0,0,false,false,false,
altitudeInFeet,0,48660,1,false,false,false,"false(*48660)"
altitudeNonNumeric,0,48660,1,false,false,false,"false(*48660)"
altitudeOutOfRange,0,48660,1,false,false,false,"false(*48660)"
ambiguousName,0,48660,1,false,false,false,"false(*48660)"
"assumedPresentOccurrenceStatus",0,48660,2,false,false,false,"false(*27057), true(*21603)"
badlyFormedBasisOfRecord,0,48660,1,false,false,false,"false(*48660)"
"coordinatePrecisionMismatch",0,48660,2,false,false,false,"false(*48623), true(*37)"
"coordinatesCentreOfCountry",0,48660,1,false,false,false,"false(*48660)"
"coordinatesCentreOfStateProvince",0,48660,1,false,false,false,"false(*48660)"
coordinatesOutOfRange,0,48660,1,false,false,false,"false(*48660)"
"countryCoordinateMismatch",0,48660,1,false,false,false,"false(*48660)"
"countryInferredByCoordinates",0,48660,2,false,false,false,"false(*26111), true(*22549)"
dataAreGeneralised,0,48660,1,false,false,false,"false(*48660)"
datePrecisionMismatch,0,48660,1,false,false,false,"false(*48660)"
dayMonthTransposed,0,48660,1,false,false,false,"false(*48660)"
"decimalCoordinatesNotSupplied",0,48660,2,false,false,false,"false(*36873), true(*11787)"
"decimalLatLongCalculatedFromEastingNorthing",0,48660,1,false,false,false,"false(*48660)"
"decimalLatLongCalculatedFromGridReference",0,48660,1,false,false,false,"false(*48660)"
"decimalLatLongCalculatedFromVerbatim",0,48660,2,false,false,false,"false(*36873), true(*11787)"
"decimalLatLongCalculationFromEastingNorthingFailed",0,48660,1,false,false,false,"false(*48660)"
"decimalLatLongCalculationFromVerbatimFailed",0,48660,1,false,false,false,"false(*48660)"
"decimalLatLongConversionFailed",0,48660,1,false,false,false,"false(*48660)"
decimalLatLongConverted,0,48660,2,false,false,false,"false(*46036), true(*2624)"
depthInFeet,0,48660,1,false,false,false,"false(*48660)"
depthNonNumeric,0,48660,1,false,false,false,"false(*48660)"
depthOutOfRange,0,48660,1,false,false,false,"false(*48660)"
detectedOutlier,0,48660,1,false,false,false,"false(*48660)"
erroneousAltitude,0,48660,1,false,false,false,"false(*48660)"
firstOfCentury,0,48660,1,false,false,false,"false(*48660)"
firstOfMonth,0,48660,2,false,false,false,"false(*39298), true(*9362)"
firstOfYear,0,48660,2,false,false,false,"false(*47783), true(*877)"
"geodeticDatumAssumedWgs84",0,48660,2,false,false,false,"false(*38034), true(*10626)"
georefPostDate,0,48660,1,false,false,false,"false(*48660)"
geospatialIssue,0,48660,1,false,false,false,"false(*48660)"
habitatMismatch,0,48660,1,false,false,false,"false(*48660)"
homonymIssue,0,48660,1,false,false,false,"false(*48660)"
identificationIncorrect,0,48660,1,false,false,false,"false(*48660)"
idPreOccurrence,0,48660,1,false,false,false,"false(*48660)"
incompleteCollectionDate,0,48660,1,false,false,false,"false(*48660)"
inferredDuplicateRecord,0,48660,2,false,false,false,"false(*47956), true(*704)"
invalidCollectionDate,0,48660,1,false,false,false,"false(*48660)"
invalidGeodeticDatum,0,48660,1,false,false,false,"false(*48660)"
invalidImageUrl,0,48660,1,false,false,false,"false(*48660)"
invalidScientificName,0,48660,1,false,false,false,"false(*48660)"
invertedCoordinates,0,48660,1,false,false,false,"false(*48660)"
locationNotSupplied,0,48660,1,false,false,false,"false(*48660)"
mediaRepresentative,0,48660,1,false,false,false,"false(*48660)"
mediaUnrepresentative,0,48660,1,false,false,false,"false(*48660)"
minMaxAltitudeReversed,0,48660,1,false,false,false,"false(*48660)"
minMaxDepthReversed,0,48660,1,false,false,false,"false(*48660)"
missingBasisOfRecord,0,48660,2,false,false,false,"false(*45172), true(*3488)"
missingCatalogueNumber,0,48660,2,false,false,false,"false(*30853), true(*17807)"
missingCollectionDate,0,48660,2,false,false,false,"false(*48651), true(*9)"
"missingCoordinatePrecision",0,48660,2,false,false,false,"false(*97), true(*48563)"
missingDateIdentified,0,48660,2,false,false,false,"false(*27), true(*48633)"
missingGeodeticDatum,0,48660,1,false,false,false,"false(*48660)"
missingGeorefencedBy,0,48660,2,false,false,false,"false(*4615), true(*44045)"
missingGeoreferenceDate,0,48660,1,false,false,false,"true(*48660)"
"missingGeoreferenceProtocol",0,48660,2,false,false,false,"false(*3166), true(*45494)"
"missingGeoreferenceSources",0,48660,2,false,false,false,"false(*17), true(*48643)"
"missingGeoreferenceVerificationStatus",0,48660,2,false,false,false,"false(*32694), true(*15966)"
"missingIdentificationQualifier",0,48660,2,false,false,false,"false(*197), true(*48463)"
"missingIdentificationReferences",0,48660,1,false,false,false,"true(*48660)"
missingIdentifiedBy,0,48660,2,false,false,false,"false(*14), true(*48646)"
missingTaxonRank,0,48660,2,false,false,false,"false(*5320), true(*43340)"
"nameNotInNationalChecklists",0,48660,1,false,false,false,"false(*48660)"
nameNotRecognised,0,48660,1,false,false,false,"false(*48660)"
nameNotSupplied,0,48660,1,false,false,false,"false(*48660)"
negatedLatitude,0,48660,1,false,false,false,"false(*48660)"
negatedLongitude,0,48660,1,false,false,false,"false(*48660)"
occCultivatedEscapee,0,48660,1,false,false,false,"false(*48660)"
precisionRangeMismatch,0,48660,1,false,false,false,"false(*48660)"
processingError,0,48660,1,false,false,false,"false(*48660)"
recordedByUnparsable,0,48660,1,false,false,false,"false(*48660)"
"resourceTaxonomicScopeMismatch",0,48660,1,false,false,false,"false(*48660)"
"speciesOutsideExpertRange",0,48660,2,false,false,false,"false(*48608), true(*52)"
stateCoordinateMismatch,0,48660,1,false,false,false,"false(*48660)"
taxonomicIssue,0,48660,1,false,false,false,"false(*48660)"
temporalIssue,0,48660,1,false,false,false,"false(*48660)"
uncertaintyInPrecision,0,48660,1,false,false,false,"false(*48660)"
uncertaintyNotSpecified,0,48660,2,false,false,false,"false(*8260), true(*40400)"
uncertaintyRangeMismatch,0,48660,1,false,false,false,"false(*48660)"
unknownCountry,0,48660,1,false,false,false,"false(*48660)"
unknownKingdom,0,48660,1,false,false,false,"false(*48660)"
"unrecognisedCollectionCode",0,48660,1,false,false,false,"false(*48660)"
"unrecognisedInstitutionCode",0,48660,1,false,false,false,"false(*48660)"
"unrecognisedOccurrenceStatus",0,48660,1,false,false,false,"false(*48660)"
unrecognisedTypeStatus,0,48660,1,false,false,false,"false(*48660)"
"unrecognizedGeodeticDatum",0,48660,1,false,false,false,"false(*48660)"
userVerified,0,48660,1,false,false,false,"false(*48660)"
zeroCoordinates,0,48660,1,false,false,false,"false(*48660)"
zeroLatitude,0,48660,1,false,false,false,"false(*48660)"
zeroLongitude,0,48660,1,false,false,false,"false(*48660)"
Breeding,48243,417,1,false,false,false,"Breeding(*417)"
dataset_version_date,46052,2608,2,false,false,false,"01/07/2016(*394), 30/12/2016(*2214)"
taxon_modification_date,46052,2608,1,false,false,false,"19-02-2014(*2608)"
site_modification_date,46052,2608,2,false,false,false,"03-06-2016(*394), 28-07-2016(*2214)"
site_accuracy_km,46052,2608,16,false,false,true,"0.01(*1), 0.02(*7), 0.025(*1), 0.1(*619), 0.14(*157), 0.15(*1), 0.45(*5), 0.5(*3), 0.9(*286), 1(*666), 1.8(*22), 10(*37), 2.7(*1), 3.6(*1), 4.5(*83), 9(*718)"
individualCount_accuracy,46456,2204,5,false,false,false,"Accurate(*627), Estimate (range)(*57), Estimate (single value)(*60), No count(*1459), Not counted(*1)"
REF_ETC,46562,2098,1156,false,false,false,"!HAT408(*1), 112330(*1), 112558(*1), 112565(*1), 112799(*1), 17042(*1), 17056(*1), 22870(*1), 22879(*1), 2304(*1), 25913(*5), 40063(*1), 40068(*1), 53380(*1), 69736(*1), 79777(*1), 81603(*1), 92501(*1), 92503(*1), 93834(*1), ..."
PROJECT_ID,46446,2214,36,false,true,true,"1(*221), 2387(*28), 2389(*711), 2390(*139), 2394(*102), 2405(*252), 2436(*29), 2438(*11), 2450(*2), 2458(*21), 2460(*39), 2486(*2), 2489(*1), 2507(*458), 2567(*3), 2587(*2), 2590(*2), 2593(*1), 2601(*4), 4432(*4), ..."
TREATY,46052,2608,1,false,false,false,"CAMBA,JAMBA(*2608)"
datasetDescription,47196,1464,4,false,false,false,"All external fauna data and datasets that have been submitted too, and is managed by the Department of Land Resource Management(*1392), Seabird and shorebird dataset (breeding , colonies and general distribution) managed by Ray Chatto(*32), Systematically collected fauna survey information(*22), Waterbird dataset (breeding , colonies and general distribution) managed by Ray Chatto(*18)"
originalScientificName,47196,1464,2,false,false,false,"Ardea ibis(*1412), Cattle Egret(*52)"
"originalDataSourceDescription",47196,1464,72,false,false,false,"CSIRO(*3), DLRM - Flora and Fauna Division(*315), Fauna Survey Dataset (FSDALL)(*20), GHD Environmental consultants(*2), Marrakai Camp Ground EIS from Wildlife Atlas (MCES)(*1), RAOU from Wildlife Atlas (RAOU 1974 & 1977)(*38), RAOU from Wildlife Atlas (RAOU 1978)(*50), RAOU from Wildlife Atlas (RAOU 1981)(*25), Ray Chatto's Database(*389), Ray's Seabirds dataset on  colony S025 visit 224 (1996)(*1), Ray's Seabirds dataset on  colony S026 visit 236 (1995)(*1), Ray's Seabirds dataset on  colony S026 visit 240 (1997)(*1), Ray's Seabirds dataset on  colony S027 visit 247 (1996)(*1), Ray's Seabirds dataset on  colony S030 visit 264 (1995)(*1), Ray's Seabirds dataset on  colony S035 visit 309 (1993)(*1), Ray's Seabirds dataset on  colony S048 visit 449 (1993)(*1), Ray's Seabirds dataset on  colony S054 visit 490 (1993)(*1), Ray's Waterbirds dataset on  colony W025 visit 189 (1994)(*1), Ray's Waterbirds dataset on  colony W034 visit 229 (1974)(*1), Ray's Waterbirds dataset on  colony W037 visit 256 (1994)(*1), ..."
originalDataSource,47196,1464,79,false,false,false,"190(*1), 191(*1), 193(*1), 194(*1), 236(*1), 237(*1), 239(*1), 310(*1), 393(*1), 398(*1), 510(*1), Brs(*193), CDU(*3), CSIRO(*18), GHD(*2), LITCHFIELD_SH(*1), Wld:lit(*10), Wld:marrakaieis(*1), Wld:raou1980(*27), Wld:raou1981(*25), ..."
submissionMethod,48653,7,1,false,false,false,"website(*7)"
"verbatimCoordinateUncertainty",48461,199,6,false,false,false,"1-10km(*80), 101-250m(*4), 11-25km(*1), 251-500m(*3), 501-1000m(*101), 51-100m(*10)"
"verbatimEventDateAccuracy",48454,206,4,false,false,false,"day(*174), decade(*5), month(*22), year(*5)"
projectID,48066,594,254,false,true,true,"10098(*1), 10536(*3), 10777(*1), 12715(*1), 13004(*1), 13487(*1), 4601(*2), 5265(*1), 6000(*1), 6363(*3), 6477(*1), 6478(*1), 7438(*1), 7450(*2), 7561(*1), 7567(*1), 7578(*1), 7683(*1), 9180(*25), 9737(*1), ..."
"duplicate_field_parentEventID",48020,640,257,false,false,false,"Anon (1971)(*1), Anon (1983)(*1), Buchanan (1992)(*1), Cardno & Davies (1994)(*1), Col Collins(*1), Cross (1992)(*1), General NatureSearch Townsville Records(*3), Gutteridge Haskins & Davey (1992)(*2), Hamilton (1967)(*1), Leach & Hines (1987)(*1), McKilligan (1987)(*1), Ogilvie (1988)(*3), QOS Newsl. 12(2) (1981)(*1), QOS Newsl. 17(11) (1986)(*1), Stewart (1995)(*2), Waterbird Census 2003(*3), Watson (1978)(*2), Wieneke (1998)(*1), Woodall (1982)(*1), Young & McConnell (1992)(*1), ..."
siteCode,48066,594,335,false,false,false,"103723(*1), 104264(*1), 104266(*1), 105474(*1), 111905(*1), 120183(*1), 14335(*1), 144835(*1), 180145(*1), 193323(*1), 200757(*1), 200879(*1), 202804(*1), 42914(*1), 45508(*1), 58954(*1), 87150(*1), Alberton Reserve(*1), Coonambula Rd(*1), pa_w00490b(*1), ..."
"http://purl.org/dc/terms/references",97293,27,27,false,false,false,"http://www.inaturalist.org/observations/1217306(*1), http://www.inaturalist.org/observations/158209(*1), http://www.inaturalist.org/observations/1605188(*1), http://www.inaturalist.org/observations/178376(*1), http://www.inaturalist.org/observations/179525(*1), http://www.inaturalist.org/observations/259900(*1), http://www.inaturalist.org/observations/259907(*1), http://www.inaturalist.org/observations/2841559(*1), http://www.inaturalist.org/observations/3278123(*1), http://www.inaturalist.org/observations/361234(*1), http://www.inaturalist.org/observations/369065(*1), http://www.inaturalist.org/observations/374982(*1), http://www.inaturalist.org/observations/4054229(*1), http://www.inaturalist.org/observations/4229747(*1), http://www.inaturalist.org/observations/4421698(*1), http://www.inaturalist.org/observations/4646036(*1), http://www.inaturalist.org/observations/5396219(*1), http://www.inaturalist.org/observations/5441665(*1), http://www.inaturalist.org/observations/5599276(*1), http://www.inaturalist.org/observations/681918(*1), ..."
"duplicate_field_organismName",48654,6,1,false,false,false,"Ardea (Bubulcus) ibis(*6)"
"duplicate_field_organismID",48654,6,1,false,false,false,"urn:lsid:biodiversity.org.au:afd.taxon:6a667f2c-a8e0-46f7-9d14-3c4332d3f6ab(*6)"
Speciestype,48658,2,1,false,false,false,"Bird(*2)"
EFFORT_DISTANCE_KM,43634,5026,35,false,true,true,"10(*48), 11(*47), 12(*35), 13(*15), 14(*13), 15(*13), 16(*9), 22(*8), 23(*1), 24(*8), 25(*4), 26(*4), 27(*8), 28(*1), 29(*1), 30(*1), 34(*1), 35(*3), 36(*2), 37(*1), ..."
Reviewed,45405,3255,1711,false,false,false,"A lap of the lake. Overcast. <br>Submitted from eBird Android 1.3(*1), Birds seen on first day of this trip. Travelled all along island from airport to Catalina beach. <br />Submitted from eBird for iOS, version 1.2.5 Build 73(*1), Checked small dam to W of chimney first, then large dam. Many caravans in campground.(*1), Daintree Boatman Mossman River cruise led by Murray Hunt(*2), Driving along Brush Farm Road, Raworth(*1), Finish 0700. Cold 9.8°C; wind southerly 15 km/h; one/8 cloud. With Milburn. <br />Submitted from eBird for iOS, version 1.1.5 Build 44(*2), Finish 0828. Cool 14.6°C; wind Northwest 9 km/h; 4/8 cloud. With Milburn.(*2), Finish 0919. Cool; 10.2°C; still; 1/8 cloud. With A Smith.  <br />Submitted from eBird for iOS, version 1.2.0 Build 62(*1), Light rain falling for the time.(*1), Lovely cool cloudy morning(*1), Mild & sunny with south wind 12kph.(*2), Overcast. Please watch out for snakes I saw 3 this morning.(*1), Regular dawn cruise with Daintree Boatman Nature Tours. Croc and Tree Snake also seen. X equals birds heard only.  <br />Submitted from eBird for iOS, version 1.1.1 Build 19(*1), Touring area on car <br />Submitted from eBird for iOS, version 1.2.1 Build 65(*1), Walking and car ride(*3), Was rung up an told to come check out cause of local hangout for a jabiru and usually guaranteed sightings of black swan I was told.(*1), Water level dropping fast.(*1), With Cairns Birders <br />Submitted from eBird for iOS, version 1.2.0 Build 62(*2), obs while camping overnight(*1), steamy, road clear of floodwater; survey 6km west-east from entry grid to end of Willie Wagtail roadside zone (about 1km from Orient road end) to strive for strict count of Willies(*1), ..."
projectCode,44956,3704,235,false,false,true,"0(*1), 0.789(*4), 10(*71), 11(*1), 12(*15), 13(*1), 14(*13), 15(*34), 16(*24), 17(*2), 18(*10), 19.312(*2), 2.75(*1), 3.54(*3), 3.766(*1), 38.999(*1), 4.13(*1), 64.372(*1), 8.8(*1), 8.9(*1), ..."
EFFORT_AREA_HA,43587,5073,2,false,true,true,"0(*487), 1(*4586)"
ObserverID,43587,5073,633,false,false,false,"Black(*2), Bonta(*1), Camilleri(*1), England(*1), Fleming(*7), Hayne(*8), Jacobsen-Venroij(*1), Laxdal(*7), Leach(*5), Lowry(*13), Luff(*1), McLachlan(*10), Michael(*10), Murray Goulburn(*2), Naumann(*28), Rao(*3), Rau(*3), Simmons(*1), Thornhill(*1), forsyth(*5), ..."
localityType,43587,5073,2,false,false,false,"H(*3965), P(*1108)"
eBirdCategory,43587,5073,1,false,false,false,"species(*5073)"
ebirdGroupIdentifier,43587,5073,2,false,true,true,"0(*5061), 1(*12)"
nonAcceptanceReason,48206,454,328,false,false,false,"2 with hints of breeding plumage.(*2), Brief glimpse of big white bird, slow flap low near Hastings River, no glasses or --bins 18:36 hrs.  Not a SCC.(*1), Flying over and landed near the cattle in the cow paddock opposite the reserve.(*1), Half in NW corner half in SE corner. Majority slowly dispersing to paddocks to SE(*1), In rich orange breeding flush sitting on paddock fence post.(*2), In the paddock with the cattle on the left hand side over the cane rail. Non breeding plumage.(*1), In water channel, loafing on edge of water; ~100m from sheep in paddock and ~200m from 1 cow.(*2), On my way home and seen 8 CAEG in the wetland resting on some juncus. Tool a closer look and noticed some of the egrets were starting to show some breeding plumage.(*1), Payets(*1), Perched  on trees on island (Freckled Duck hangout). . . . Later seen flying back to BP  in  dribs and drabs.(*1), STP(*1), Unsure if this was a cattle or intermediate. Sitting in tree over deep water. Shortish yellow beak. No sign of buff colour. In company with two little pied cormorants and the White faced Heron.(*1), With the cattle in a paddock near the markets(*1), active across paddock/waste land(*1), estimate(*8), feeding amongst cattle on eastern side of paddock(*1), flyovers all heading down-river, flocks of 2-15 birds.(*1), many flying overhead(*1), many nests on island and in pampas grass along edge(*5), very large flock on flood plain across road -  perrhaps 100(*1), ..."
ALL_SPECIES_REPORTED,43587,5073,1,false,true,true,"1(*5073)"
NUMBER_OBSERVERS,47474,1186,499,false,false,false,"G1529015(*2), G1543673(*4), G1576239(*2), G1576245(*2), G1578530(*2), G1637968(*2), G1684711(*2), G1702453(*2), G1727749(*2), G1752846(*2), G1763721(*2), G1763722(*2), G1815017(*3), G1815023(*3), G1815031(*3), G1826285(*8), G1874100(*5), G1933527(*2), G2022631(*2), G2042248(*2), ..."
lastDate,48654,6,4,false,false,false,"Mon Mar 31 00:00:00 EST 2014(*1), Sat Jul 12 00:00:00 EST 2014(*2), Wed Nov 12 00:00:00 EST 2014(*2), Wed Sep 10 00:00:00 EST 2014(*1)"
membershipNumber,48653,7,4,false,true,true,"20017(*3), 20222(*1), 25565(*2), 26196(*1)"
"duplicate_field_http://purl.org/dc/terms/type",48601,59,2,false,false,false,"PhysicalObject(*58), Sound(*1)"
"duplicate_field_http://purl.org/dc/terms/modified",97260,60,9,false,false,false,"19/04/2016 11:56:43 AM(*1), 2011/12/5(*2), 2013/10/22(*10), 2013/10/23(*6), 2013/2/11(*1), 2013/2/12(*1), 2016-11-30(*37), 2016/8/11(*1), 2017-04-20T06:23:25Z(*1)"
verbatimUncertainty,48600,60,4,false,false,false,"10km-100km(*1), 1km-10km(*20), confident in available location data(*28), latitude and longitude approximate(*11)"
"http://purl.org/dc/terms/type",97272,48,1,false,false,false,"PhysicalObject(*48)"
"relatedResourceCatalogNumber",48648,12,12,false,false,false,"B34208(*1), B34309(*1), B50191(*1), B50985(*1), B50986(*1), B50987(*1), B51122(*1), B51770(*1), B51771(*1), B51772(*1), B52900(*1), B57378(*1)"
preservationTemperature,48648,12,1,false,false,false,"-80 degrees Celsius(*12)"
permitType,48648,12,2,false,false,false,"collecting permit(*1), not applicable(*11)"
permitStatusQualifier,48648,12,2,false,false,false,"not applicable(*1), pre-Nagoya (12/10/2014)(*11)"
preservationType,48648,12,1,false,false,false,"tube(*12)"
"relatedResourceCollectionCode",48648,12,1,false,false,false,"Birds(*12)"
"http://rs.tdwg.org/dwc/terms/materialSampleID",48648,12,12,false,false,false,"catalogNumber=G27282&collectionCode=GeneticSamples&institutionCode=ANWC(*1), catalogNumber=G28085&collectionCode=GeneticSamples&institutionCode=ANWC(*1), catalogNumber=G28086&collectionCode=GeneticSamples&institutionCode=ANWC(*1), catalogNumber=G28087&collectionCode=GeneticSamples&institutionCode=ANWC(*1), catalogNumber=G28208&collectionCode=GeneticSamples&institutionCode=ANWC(*1), catalogNumber=G28856&collectionCode=GeneticSamples&institutionCode=ANWC(*1), catalogNumber=G28857&collectionCode=GeneticSamples&institutionCode=ANWC(*1), catalogNumber=G28858&collectionCode=GeneticSamples&institutionCode=ANWC(*1), catalogNumber=G29938&collectionCode=GeneticSamples&institutionCode=ANWC(*1), catalogNumber=G39374&collectionCode=GeneticSamples&institutionCode=ANWC(*1), catalogNumber=G7788&collectionCode=GeneticSamples&institutionCode=ANWC(*1), catalogNumber=G7881&collectionCode=GeneticSamples&institutionCode=ANWC(*1)"
preparationMaterials,48648,12,1,false,false,false,"none(*12)"
preparedBy,48648,12,2,false,false,false,"Joseph, L. and Penalba, J.(*1), not recorded(*11)"
"relatedResourceInstitutionCode",48648,12,1,false,false,false,"ANWC(*12)"
materialSampleType,48648,12,1,false,false,false,"tissue(*12)"
loanConditions,48648,12,1,false,false,false,"approval from ANWC Director(*12)"
preparationDate,48648,12,1,false,false,false,"not recorded(*12)"
permitStatus,48648,12,2,false,false,false,"not required(*11), permit available(*1)"
"duplicate_field_http://purl.org/dc/terms/rightsHolder",48659,1,1,false,false,false,"CSIRO(*1)"
"duplicate_field_http://purl.org/dc/terms/bibliographicCitation",97319,1,1,false,false,false,"X06834(*1)"
occurenceID,48650,10,10,false,false,false,"URN:catalog:QVMAG:Ornithology:QVM:1972:2:0069(*1), URN:catalog:QVMAG:Ornithology:QVM:1975:2:0124(*1), URN:catalog:QVMAG:Ornithology:QVM:1978:2:0162(*1), URN:catalog:QVMAG:Ornithology:QVM:1980:2:0164(*1), URN:catalog:QVMAG:Ornithology:QVM:1981:2:0469(*1), URN:catalog:QVMAG:Ornithology:QVM:1982:2:0071(*1), URN:catalog:QVMAG:Ornithology:QVM:1986:2:0117(*1), URN:catalog:QVMAG:Ornithology:QVM:2006:2:0281(*1), URN:catalog:QVMAG:Ornithology:QVM:2006:2:0282(*1), URN:catalog:QVMAG:Ornithology:QVM:2006:2:0283(*1)"
"verbatimCoordinateUncertaintyInMeters",46848,1812,12,false,false,false,"1-degree grid(*76), 1-minute grid(*13), 10-minute grid(*1048), 100m(*508), 15-minute grid(*3), 2-minute grid(*11), 20-minute grid(*11), 30-minute grid(*15), 5-minute grid(*52), Within 50km(*2), within 500m(*48), within 5km(*25)"
contributorName,48657,3,2,false,false,false,"David M Watson(*2), Lauren Van Dyke(*1)"
surveyType,48658,2,1,false,false,false,"2. Birds(*2)"
username,48654,6,2,false,false,false,"Michele(*3), jennie.kun(*3)"
deleteThisRecord,48654,6,1,false,false,false,"false(*6)"
dedicatedLocations,48659,1,1,false,false,false,"K2C area bird survey(*1)"
sumOfCount,48659,1,1,false,true,true,"19(*1)"
replicateCount,48659,1,1,false,true,true,"1(*1)"
sumOfBroods,48659,1,1,false,true,true,"0(*1)"
surveyProgram,48659,1,1,false,false,false,"SEA(*1)"
subwetlandNumber,48659,1,1,false,true,true,"14(*1)"
mdbaName,48659,1,1,false,false,false,"MDBA_AWS(*1)"
fxGroup,48659,1,1,false,false,false,"La(*1)"
surveyYear,48659,1,1,false,true,true,"2014(*1)"
sumOfNest,48659,1,1,false,true,true,"0(*1)"
verbatimIdentifier,48659,1,1,false,true,true,"14(*1)"
wetlandComplex,48659,1,1,false,false,false,"Gwydir(*1)"
sppCode,48659,1,1,false,false,false,"CEG(*1)"
verbatimYear,47893,767,16,false,true,true,"1987(*48), 1988(*48), 1989(*48), 1990(*48), 1991(*48), 1992(*48), 1993(*48), 1994(*48), 1995(*48), 1996(*48), 1997(*48), 1998(*48), 1999(*48), 2000(*47), 2001(*48), 2002(*48)"
verbatimWeekNumber1To48,47893,767,48,false,true,true,"1(*15), 10(*16), 11(*16), 12(*16), 13(*16), 14(*16), 15(*16), 16(*16), 17(*16), 18(*16), 19(*16), 2(*16), 3(*16), 4(*16), 44(*16), 45(*16), 46(*16), 47(*16), 48(*16), 5(*16), ..."
verbatimWeekInMonth,47893,767,4,false,true,true,"1(*191), 2(*192), 3(*192), 4(*192)"
verbatimMonthInYear,47893,767,12,false,true,true,"1(*63), 10(*64), 11(*64), 12(*64), 2(*64), 3(*64), 4(*64), 5(*64), 6(*64), 7(*64), 8(*64), 9(*64)"
verbatimScientificName,47893,767,1,false,false,false,"Ardea ibis(*767)"
"duplicate_field_http://purl.org/dc/terms/license",48659,1,1,false,false,false,"Creative Commons Attribution 2.5 Australia Licence(*1)"
"duplicate_field_http://purl.org/dc/terms/modified",97260,60,9,false,false,false,"19/04/2016 11:56:43 AM(*1), 2011/12/5(*2), 2013/10/22(*10), 2013/10/23(*6), 2013/2/11(*1), 2013/2/12(*1), 2016-11-30(*37), 2016/8/11(*1), 2017-04-20T06:23:25Z(*1)"
"duplicate_field_datasetName",48562,98,1,false,false,false,"Avian Knowledge Network(*98)"
"http://purl.org/dc/terms/rightsHolder",97147,173,16,false,false,false,"Andrew Rock(*2), CSIRO(*38), Chris Nash(*1), Graeme Worsley(*1), James Bailey(*1), Museum Victoria(*10), Nathan Ruser(*1), Victor W Fazio III(*3), andrew_mc(*1), austin1(*1), corinne1(*1), eBird Bird Observation Checklist Database(*98), goldie2(*1), libbyhepburn(*2), msr(*2), sea-kangaroo(*10)"
endTime,48620,40,1,false,true,true,"0(*40)"
LAST_UPDATE_USER_ID,48305,355,3,false,false,false,"GTSpot Load(*340), Observation Batch 10421(*8), Person merge by: Naomi Lawrence (1799)(*7)"
CREATION_DATE,48305,355,8,false,false,false,"1989-05-27Z(*1), 1996-04-11Z(*1), 1996-05-29Z(*1), 1996-06-26Z(*2), 1996-07-26Z(*1), 1996-08-06Z(*1), 2006-04-11Z(*340), 2008-11-25Z(*8)"
DATE_ACCURACY,48305,355,2,false,false,false,"Day(*126), Unknown(*229)"
DISCONTINUED_DATE,48376,284,1,false,false,false,"2006-04-11Z(*284)"
FOREIGN_ID,48320,340,340,false,false,false,"BirdMornit:aorgan_birds:203/1(*1), BirdMornit:aorgan_birds:94/1(*1), birdstas:pdpl96:1758/1(*1), birdstas:pdpl96:514/1(*1), private:pd_birds:218/15(*1), private:pd_birds:344/5(*1), raou:raou:108488/3(*1), raou:raou:108770/2(*1), raou:raou:108773/10(*1), raou:raou:24479/11(*1), raou:raou:24481/1(*1), raou:raou:2823/1(*1), raou:raou:2921/2(*1), raou:raou:40462/3(*1), raou:raou:40850/6(*1), raou:raou:80288/5(*1), raou:raou:80362/1(*1), raou:raou:80385/6(*1), raou:raou:80589/7(*1), raou:raou:94178/5(*1), ..."
familycommonname,48658,2,1,false,false,false,"Herons, Egrets and Bitterns(*2)"
nca_status,48658,2,1,false,false,false,"Common(*2)"
landzone,48658,2,1,false,false,false,"Alluvium (river and creek flats)(*2)"
basin,48658,2,1,false,false,false,"Norman River(*2)"
biodiversitystatus,48658,2,1,false,false,false,"Of concern(*2)"
phylumcommonname,48658,2,1,false,false,false,"Internal skeleton(*2)"
classcommonname,48658,2,1,false,false,false,"Birds(*2)"
ordercommonname,48658,2,1,false,false,false,"Storks, Herons, Egrets, Ibises, Spoonbills(*2)"
"vegetationmanagementstatus",48658,2,2,false,false,false,"Not of concern(*1), Of concern(*1)"
Region,48658,2,1,false,false,false,"Gilbert(*2)"
forrest,48658,2,2,false,false,false,"Eucalypt(*1), Melaleuca(*1)"
kingdomcommonname,48658,2,1,false,false,false,"Animal(*2)"
IBRASubregion,48658,2,2,false,false,false,"Mitchell - Gilbert Fans(*1), Woondoola Plains(*1)"
Division,48658,2,1,false,false,false,"Gulf of Carpentaria(*2)"
subbasin,48658,2,1,false,false,false,"Norman River(*2)"
surveyName,48657,3,2,false,false,false,"Panboola�s Birds(*2), School group surveys(*1)"
surveyLeader,48657,3,2,false,false,false,"Doug Reckord(*1), Robyn Kesby(*2)"
"http://purl.org/dc/terms/rights",48654,6,1,false,false,false,"BY-NC-SA(*6)"
